Alignment Score,Votes,In-Scope Vote Prop,In-Scope Vote %
3,5868038.0,0.5501047188985903,55.01
-2,4752160.0,0.4454956905461629,44.55
0,46931.0,0.004399590555246871,0.44
