Alignment Score,In-Scope Vote Prop
-2,0.32
3,0.44
4,0.020000000000000018
-1,0.11
-4,0.030000000000000006
-2,0.04
-3,0.01
-3,0.01
-5,0.0
4,0.01
